{"name":"sendEmail","identifier":"DWRPXJZTA7","description":"To send an email description of the retrieved complaints","parentIntentSignature":null,"sampleUtterances":[{"utterance":"Can you please send these as an email to {email}"},{"utterance":"Could you email these results to {email}"},{"utterance":"Please email these to {email}"},{"utterance":"I want these sent to {email}"},{"utterance":"Send these as an email to {email}"},{"utterance":"Email these reports to {email}"},{"utterance":"Forward these to {email}"},{"utterance":"Can you send an email with these to {email}"},{"utterance":"Would you mind sending these findings to {email}"},{"utterance":"Email this information to {email}"},{"utterance":"Send these files to {email}"},{"utterance":"Please forward these documents to {email}"},{"utterance":"I need these emailed to {email}"},{"utterance":"Send these violation reports via email to {email}"},{"utterance":"Could you please email these to {email}"},{"utterance":"I'd like to forward these via email to {email}"},{"utterance":"Share these reports with {email}"},{"utterance":"Send the details to {email}"},{"utterance":"Email the records to {email}"},{"utterance":"Can you send this data to {email}"},{"utterance":"These need to be emailed to {email}"},{"utterance":"Pass along these incidents to {email}"},{"utterance":"Send a copy of these to {email}"},{"utterance":"Email my findings to {email}"},{"utterance":"Distribute these records to {email}"},{"utterance":"I need to forward these to {email}"},{"utterance":"Please share this information with {email}"},{"utterance":"Get these to {email}"},{"utterance":"Make sure {email} receives these"},{"utterance":"Send the search results to {email}"},{"utterance":"Can you please send these as an email"},{"utterance":"Could you email these results"},{"utterance":"Please email these"},{"utterance":"I want these sent as an email"},{"utterance":"Send these as an email"},{"utterance":"Email these reports"},{"utterance":"Forward these"},{"utterance":"Can you send an email with these"},{"utterance":"Would you mind sending these findings via email"},{"utterance":"Email this information"},{"utterance":"Send these files via email"},{"utterance":"Please forward these documents"},{"utterance":"I need these emailed"},{"utterance":"Send these violation reports via email"},{"utterance":"Could you please email these"},{"utterance":"I'd like to forward these via email"},{"utterance":"Share these reports"},{"utterance":"Send the details"},{"utterance":"Email the records"},{"utterance":"Can you send this data"},{"utterance":"These need to be emailed"},{"utterance":"Pass along these incidents"},{"utterance":"Send a copy of these"},{"utterance":"Email my findings"},{"utterance":"Distribute these records"},{"utterance":"I need to forward these"},{"utterance":"Please share this information"},{"utterance":"Get these sent"},{"utterance":"Make sure these get sent out"},{"utterance":"Send the search results"},{"utterance":"I'd like an email of these"},{"utterance":"Send me these reports"},{"utterance":"Email the search results"},{"utterance":"Can you email what you found"},{"utterance":"Share these results"},{"utterance":"Send what you've got"},{"utterance":"Forward what you found in the database"},{"utterance":"Send an email with these results"},{"utterance":"I want to share these findings by email"},{"utterance":"Send out these reports"},{"utterance":"Email a summary of these"},{"utterance":"I need to distribute these findings"},{"utterance":"Can you help me email these"},{"utterance":"Share the database results"},{"utterance":"Send a message with these"},{"utterance":"Email a copy of the data"},{"utterance":"I need to pass along these findings"},{"utterance":"Forward the information you retrieved"},{"utterance":"Send a summary of the data"},{"utterance":"I'd like to email these results to somebody"},{"utterance":"Can you help me send these to another person"},{"utterance":"I need this information emailed"},{"utterance":"Can you send what you found to my colleague"},{"utterance":"Forward these results to a contact"},{"utterance":"Would you be able to email these documents for me"},{"utterance":"I want to pass these complaints along"},{"utterance":"These records need to be shared electronically"},{"utterance":"Please send these out"},{"utterance":"Send this report to someone else"},{"utterance":"Can I get these emailed to someone"},{"utterance":"Is there a way to email this"},{"utterance":"I'd like to share what you found"},{"utterance":"How do I send these to someone"},{"utterance":"Can you forward this information"},{"utterance":"Send this to my team"},{"utterance":"I want to distribute these electronically"},{"utterance":"I need to share these with someone"},{"utterance":"Email these details please"},{"utterance":"Can I get this in email form"},{"utterance":"Send this information out"},{"utterance":"Is it possible to email these results"},{"utterance":"I need to get these to another person"}],"intentConfirmationSetting":null,"intentClosingSetting":null,"initialResponseSetting":{"conditional":null,"codeHook":null,"nextStep":{"sessionAttributes":{},"intent":{"name":null,"slots":{}},"dialogAction":{"type":"ElicitSlot","slotToElicit":"email","suppressNextMessage":null}},"initialResponse":null},"inputContexts":null,"outputContexts":null,"kendraConfiguration":null,"qnAIntentConfiguration":null,"bedrockAgentIntentConfiguration":null,"qInConnectIntentConfiguration":null,"dialogCodeHook":null,"fulfillmentCodeHook":{"isActive":true,"postFulfillmentStatusSpecification":{"failureResponse":null,"failureNextStep":{"sessionAttributes":{},"intent":{"name":"FallbackIntent","slots":{}},"dialogAction":{"type":"StartIntent","slotToElicit":null,"suppressNextMessage":null}},"successResponse":null,"successNextStep":{"sessionAttributes":{},"intent":{"name":null,"slots":{}},"dialogAction":{"type":"EndConversation","slotToElicit":null,"suppressNextMessage":null}},"timeoutResponse":null,"timeoutNextStep":{"sessionAttributes":{},"intent":{"name":"FallbackIntent","slots":{}},"dialogAction":{"type":"StartIntent","slotToElicit":null,"suppressNextMessage":null}}},"fulfillmentUpdatesSpecification":null,"enabled":true},"slotPriorities":[{"priority":0,"slotName":"email"}]}