{"name":"status","identifier":"OTYHAOMW7W","description":"The slot type to represent the complaint status","slotTypeValues":[{"synonyms":null,"sampleValue":{"value":"Open"}},{"synonyms":null,"sampleValue":{"value":"Closed"}},{"synonyms":null,"sampleValue":{"value":"Follow up"}},{"synonyms":null,"sampleValue":{"value":"Red Star"}},{"synonyms":null,"sampleValue":{"value":"open"}},{"synonyms":null,"sampleValue":{"value":"closed"}},{"synonyms":null,"sampleValue":{"value":"follow up"}},{"synonyms":null,"sampleValue":{"value":"red star"}}],"parentSlotTypeSignature":null,"valueSelectionSetting":{"resolutionStrategy":"ORIGINAL_VALUE","advancedRecognitionSetting":null,"regexFilter":null}}