{"name":"category","identifier":"SVDQ4VTGFZ","description":"A custom slot type to describe the catgeory","slotTypeValues":[{"synonyms":null,"sampleValue":{"value":"Speed"}},{"synonyms":null,"sampleValue":{"value":"Stop Sign"}},{"synonyms":null,"sampleValue":{"value":"Red Light"}},{"synonyms":null,"sampleValue":{"value":"School Traffic Complaint"}},{"synonyms":null,"sampleValue":{"value":"Racing"}},{"synonyms":null,"sampleValue":{"value":"Reckless Driving"}},{"synonyms":null,"sampleValue":{"value":"speed"}},{"synonyms":null,"sampleValue":{"value":"stop sign"}},{"synonyms":null,"sampleValue":{"value":"red light"}},{"synonyms":null,"sampleValue":{"value":"school traffic complaint"}},{"synonyms":null,"sampleValue":{"value":"racing"}},{"synonyms":null,"sampleValue":{"value":"reckless driving"}}],"parentSlotTypeSignature":null,"valueSelectionSetting":{"resolutionStrategy":"ORIGINAL_VALUE","advancedRecognitionSetting":null,"regexFilter":null}}