{"name":"status","identifier":"VQZ4CNL7IM","description":"the status's of the request","slotTypeName":"status","obfuscationSetting":null,"valueElicitationSetting":{"slotCaptureSetting":{"codeHook":null,"captureResponse":null,"captureNextStep":null,"captureConditional":null,"failureResponse":null,"failureNextStep":null,"failureConditional":null,"elicitationCodeHook":{"enableCodeHookInvocation":true,"invocationLabel":null}},"slotConstraint":"Optional","promptSpecification":null,"defaultValueSpecification":null,"sampleUtterances":null,"waitAndContinueSpecification":null},"multipleValuesSetting":{"allowMultipleValues":true}}