{"name":"beatNum","identifier":"Q1UAKXAR9J","description":"The custom Slot type to describe a beat number 1-17","slotTypeValues":[{"synonyms":null,"sampleValue":{"value":"1"}},{"synonyms":null,"sampleValue":{"value":"2"}},{"synonyms":null,"sampleValue":{"value":"3"}},{"synonyms":null,"sampleValue":{"value":"4"}},{"synonyms":null,"sampleValue":{"value":"5"}},{"synonyms":null,"sampleValue":{"value":"6"}},{"synonyms":null,"sampleValue":{"value":"7"}},{"synonyms":null,"sampleValue":{"value":"8"}},{"synonyms":null,"sampleValue":{"value":"9"}},{"synonyms":null,"sampleValue":{"value":"10"}},{"synonyms":null,"sampleValue":{"value":"11"}},{"synonyms":null,"sampleValue":{"value":"12"}},{"synonyms":null,"sampleValue":{"value":"13"}},{"synonyms":null,"sampleValue":{"value":"14"}},{"synonyms":null,"sampleValue":{"value":"15"}},{"synonyms":null,"sampleValue":{"value":"16"}},{"synonyms":null,"sampleValue":{"value":"17"}},{"synonyms":null,"sampleValue":{"value":"one"}},{"synonyms":null,"sampleValue":{"value":"two"}},{"synonyms":null,"sampleValue":{"value":"three"}},{"synonyms":null,"sampleValue":{"value":"four"}},{"synonyms":null,"sampleValue":{"value":"five"}},{"synonyms":null,"sampleValue":{"value":"six"}},{"synonyms":null,"sampleValue":{"value":"seven"}},{"synonyms":null,"sampleValue":{"value":"eight"}},{"synonyms":null,"sampleValue":{"value":"nine"}},{"synonyms":null,"sampleValue":{"value":"ten"}},{"synonyms":null,"sampleValue":{"value":"eleven"}},{"synonyms":null,"sampleValue":{"value":"twelve"}},{"synonyms":null,"sampleValue":{"value":"thirteen"}},{"synonyms":null,"sampleValue":{"value":"fourteen"}},{"synonyms":null,"sampleValue":{"value":"fifteen"}},{"synonyms":null,"sampleValue":{"value":"sixteen"}},{"synonyms":null,"sampleValue":{"value":"seventeen"}}],"parentSlotTypeSignature":null,"valueSelectionSetting":{"resolutionStrategy":"ORIGINAL_VALUE","advancedRecognitionSetting":null,"regexFilter":null}}