{"name":"beatNums","identifier":"BXIQIXRREJ","description":"The beat Numbers if avaliable","slotTypeName":"beatNum","obfuscationSetting":null,"valueElicitationSetting":{"slotCaptureSetting":{"codeHook":null,"captureResponse":null,"captureNextStep":null,"captureConditional":null,"failureResponse":null,"failureNextStep":null,"failureConditional":null,"elicitationCodeHook":{"enableCodeHookInvocation":true,"invocationLabel":null}},"slotConstraint":"Optional","promptSpecification":null,"defaultValueSpecification":null,"sampleUtterances":null,"waitAndContinueSpecification":null},"multipleValuesSetting":{"allowMultipleValues":true}}