{"name":"day","identifier":"KBK2Q3WJQ7","description":"A day of the week","slotTypeValues":[{"synonyms":null,"sampleValue":{"value":"Monday"}},{"synonyms":null,"sampleValue":{"value":"Tuesday"}},{"synonyms":null,"sampleValue":{"value":"Wednesday"}},{"synonyms":null,"sampleValue":{"value":"Thursday"}},{"synonyms":null,"sampleValue":{"value":"Friday"}},{"synonyms":null,"sampleValue":{"value":"Saturday"}},{"synonyms":null,"sampleValue":{"value":"Sunday"}}],"parentSlotTypeSignature":null,"valueSelectionSetting":{"resolutionStrategy":"ORIGINAL_VALUE","advancedRecognitionSetting":null,"regexFilter":null}}