{"name":"Query_Complaint_Info","identifier":"D3WPBZLJDJ","description":"To translate a user's request into the data that it filters by","parentIntentSignature":null,"sampleUtterances":[{"utterance":"Show me all complaints in beat {beatNums}"},{"utterance":"Display complaints from beats {beatNums}"},{"utterance":"I want to see traffic issues in beat {beatNums}"},{"utterance":"What complaints do we have in beats {beatNums}"},{"utterance":"Give me the complaints for beat {beatNums}"},{"utterance":"Pull up reports from beat {beatNums}"},{"utterance":"Can you show me what's happening in beat {beatNums}"},{"utterance":"Let me see all issues reported in beat {beatNums}"},{"utterance":"Show me all {status} complaints"},{"utterance":"Display all {status} issues"},{"utterance":"I need to see {status} reports"},{"utterance":"What {status} complaints do we have"},{"utterance":"Give me a list of {status} cases"},{"utterance":"Pull up all {status} traffic issues"},{"utterance":"Can you show me the {status} reports"},{"utterance":"Let me see all {status} complaints in the system"},{"utterance":"Show me all {category} complaints"},{"utterance":"Display all {category} issues"},{"utterance":"I need to see {category} reports"},{"utterance":"What {category} complaints do we have"},{"utterance":"Give me a list of {category} cases"},{"utterance":"Pull up all {category} traffic issues"},{"utterance":"Can you show me the {category} violations"},{"utterance":"Let me see all {category} incidents"},{"utterance":"Show me {status} complaints in beat {beatNums}"},{"utterance":"Display {status} issues from beats {beatNums}"},{"utterance":"What {status} reports do we have in beat {beatNums}"},{"utterance":"Give me {status} complaints for beats {beatNums}"},{"utterance":"I need to see {status} cases in beat {beatNums}"},{"utterance":"Pull up {status} issues in beats {beatNums}"},{"utterance":"Show me {category} complaints in beat {beatNums}"},{"utterance":"Display {category} issues from beats {beatNums}"},{"utterance":"What {category} reports do we have in beat {beatNums}"},{"utterance":"Give me {category} complaints for beats {beatNums}"},{"utterance":"I need to see {category} cases in beat {beatNums}"},{"utterance":"Pull up {category} issues in beats {beatNums}"},{"utterance":"Show me {status} complaints about {category}"},{"utterance":"Display {status} {category} issues"},{"utterance":"What {status} {category} reports do we have"},{"utterance":"Give me {status} complaints related to {category}"},{"utterance":"I need to see {status} {category} cases"},{"utterance":"Pull up {status} {category} traffic issues"},{"utterance":"Show me {status} {category} complaints in beat {beatNums}"},{"utterance":"Display {status} {category} issues from beats {beatNums}"},{"utterance":"What {status} {category} reports do we have in beat {beatNums}"},{"utterance":"Give me {status} complaints about {category} for beats {beatNums}"},{"utterance":"I need to see {status} {category} cases in beat {beatNums}"},{"utterance":"Pull up {status} issues regarding {category} in beats {beatNums}"},{"utterance":"Show me traffic issues in beat {beatNums} with status {status}"},{"utterance":"Display {category} complaints with {status} status"},{"utterance":"I want to see {status} reports for {category} issues"},{"utterance":"What {category} violations do we have with {status} status in beat {beatNums}"},{"utterance":"Give me the {status} complaints for {category} in beat {beatNums}"},{"utterance":"Pull up {status} reports related to {category}"},{"utterance":"Can you show me what {category} issues have {status} status"},{"utterance":"Let me see all {status} complaints about {category} in beat {beatNums}"},{"utterance":"Show me {status} complaints for beat {beatNums}"},{"utterance":"Display {category} issues with {status} status"},{"utterance":"I need to see {status} reports in beat {beatNums} about {category}"},{"utterance":"What {status} complaints do we have for {category}"},{"utterance":"Give me a list of {status} cases in beat {beatNums}"},{"utterance":"Pull up all {status} traffic issues related to {category}"},{"utterance":"Can you show me the {status} reports for beat {beatNums}"},{"utterance":"Let me see all {status} complaints about {category}"},{"utterance":"Do we have any {status} complaints about {category} in beat {beatNums}"},{"utterance":"I'm interested in {category} complaints with {status} status"},{"utterance":"Let's look at beat {beatNums} for {status} issues"},{"utterance":"I need information about {category} in beat {beatNums}"},{"utterance":"Tell me about {status} complaints related to {category}"},{"utterance":"I'm analyzing beat {beatNums} for {category} issues"},{"utterance":"Show me {status} complaints about {category} in beat {beatNums}"},{"utterance":"Show me all complaints on {daysOfWeek}"},{"utterance":"Display complaints from {daysOfWeek}"},{"utterance":"I want to see traffic issues on {daysOfWeek}"},{"utterance":"What complaints do we have on {daysOfWeek}"},{"utterance":"Give me the complaints for {daysOfWeek}"},{"utterance":"Pull up reports from {daysOfWeek}"},{"utterance":"Can you show me what's happening on {daysOfWeek}"},{"utterance":"Let me see all issues reported on {daysOfWeek}"},{"utterance":"Show me all complaints in beat {beatNums} on {daysOfWeek}"},{"utterance":"Display complaints from beats {beatNums} on {daysOfWeek}"},{"utterance":"I want to see traffic issues in beat {beatNums} on {daysOfWeek}"},{"utterance":"What complaints do we have in beats {beatNums} on {daysOfWeek}"},{"utterance":"Give me the complaints for beat {beatNums} on {daysOfWeek}"},{"utterance":"Pull up reports from beat {beatNums} for {daysOfWeek}"},{"utterance":"Can you show me what's happening in beat {beatNums} on {daysOfWeek}"},{"utterance":"Let me see all issues reported in beat {beatNums} on {daysOfWeek}"},{"utterance":"Show me all {status} complaints on {daysOfWeek}"},{"utterance":"Display all {status} issues from {daysOfWeek}"},{"utterance":"I need to see {status} reports for {daysOfWeek}"},{"utterance":"What {status} complaints do we have on {daysOfWeek}"},{"utterance":"Give me a list of {status} cases from {daysOfWeek}"},{"utterance":"Pull up all {status} traffic issues on {daysOfWeek}"},{"utterance":"Can you show me the {status} reports for {daysOfWeek}"},{"utterance":"Let me see all {status} complaints in the system from {daysOfWeek}"},{"utterance":"Show me all {category} complaints on {daysOfWeek}"},{"utterance":"Display all {category} issues from {daysOfWeek}"},{"utterance":"I need to see {category} reports for {daysOfWeek}"},{"utterance":"What {category} complaints do we have on {daysOfWeek}"},{"utterance":"Give me a list of {category} cases from {daysOfWeek}"},{"utterance":"Pull up all {category} traffic issues on {daysOfWeek}"},{"utterance":"Can you show me the {category} violations from {daysOfWeek}"},{"utterance":"Let me see all {category} incidents on {daysOfWeek}"},{"utterance":"Show me {status} complaints in beat {beatNums} on {daysOfWeek}"},{"utterance":"Display {status} issues from beats {beatNums} for {daysOfWeek}"},{"utterance":"What {status} reports do we have in beat {beatNums} on {daysOfWeek}"},{"utterance":"Give me {status} complaints for beats {beatNums} on {daysOfWeek}"},{"utterance":"I need to see {status} cases in beat {beatNums} from {daysOfWeek}"},{"utterance":"Pull up {status} issues in beats {beatNums} on {daysOfWeek}"},{"utterance":"Show me {category} complaints in beat {beatNums} on {daysOfWeek}"},{"utterance":"Display {category} issues from beats {beatNums} for {daysOfWeek}"},{"utterance":"What {category} reports do we have in beat {beatNums} on {daysOfWeek}"},{"utterance":"Give me {category} complaints for beats {beatNums} on {daysOfWeek}"},{"utterance":"I need to see {category} cases in beat {beatNums} from {daysOfWeek}"},{"utterance":"Pull up {category} issues in beats {beatNums} on {daysOfWeek}"},{"utterance":"Show me {status} complaints about {category} on {daysOfWeek}"},{"utterance":"Display {status} {category} issues from {daysOfWeek}"},{"utterance":"What {status} {category} reports do we have on {daysOfWeek}"},{"utterance":"Give me {status} complaints related to {category} from {daysOfWeek}"},{"utterance":"I need to see {status} {category} cases on {daysOfWeek}"},{"utterance":"Pull up {status} {category} traffic issues for {daysOfWeek}"},{"utterance":"Show me {status} {category} complaints in beat {beatNums} on {daysOfWeek}"},{"utterance":"Display {status} {category} issues from beats {beatNums} for {daysOfWeek}"},{"utterance":"What {status} {category} reports do we have in beat {beatNums} on {daysOfWeek}"},{"utterance":"Give me {status} complaints about {category} for beats {beatNums} on {daysOfWeek}"},{"utterance":"I need to see {status} {category} cases in beat {beatNums} from {daysOfWeek}"},{"utterance":"Pull up {status} issues regarding {category} in beats {beatNums} on {daysOfWeek}"},{"utterance":"Show me traffic issues in beat {beatNums} with status {status} on {daysOfWeek}"},{"utterance":"Display {category} complaints with {status} status from {daysOfWeek}"},{"utterance":"I want to see {status} reports for {category} issues on {daysOfWeek}"},{"utterance":"What {category} violations do we have with {status} status in beat {beatNums} on {daysOfWeek}"},{"utterance":"Give me the {status} complaints for {category} in beat {beatNums} on {daysOfWeek}"},{"utterance":"Pull up {status} reports related to {category} for {daysOfWeek}"},{"utterance":"Can you show me what {category} issues have {status} status on {daysOfWeek}"},{"utterance":"Let me see all {status} complaints about {category} in beat {beatNums} on {daysOfWeek}"},{"utterance":"Show me all complaints from {relativeTimes}"},{"utterance":"I want to see traffic issues from {relativeTimes}"},{"utterance":"Give me the complaints for {relativeTimes}"},{"utterance":"Pull up reports from {relativeTimes}"},{"utterance":"Show me all complaints in beat {beatNums} from {relativeTimes}"},{"utterance":"What complaints do we have in beats {beatNums} from {relativeTimes}"},{"utterance":"Pull up reports from beat {beatNums} for {relativeTimes}"},{"utterance":"Show me all {status} complaints from {relativeTimes}"},{"utterance":"I need to see {status} reports from {relativeTimes}"},{"utterance":"Give me a list of {status} cases from {relativeTimes}"},{"utterance":"Show me all {category} complaints from {relativeTimes}"},{"utterance":"What {category} complaints do we have from {relativeTimes}"},{"utterance":"Pull up all {category} traffic issues from {relativeTimes}"},{"utterance":"Show me {status} complaints in beat {beatNums} from {relativeTimes}"},{"utterance":"Give me {status} complaints for beats {beatNums} from {relativeTimes}"},{"utterance":"Pull up {status} issues in beats {beatNums} from {relativeTimes}"},{"utterance":"Show me {category} complaints in beat {beatNums} from {relativeTimes}"},{"utterance":"What {category} reports do we have in beat {beatNums} from {relativeTimes}"},{"utterance":"I need to see {category} cases in beat {beatNums} from {relativeTimes}"},{"utterance":"Show me {status} complaints about {category} from {relativeTimes}"},{"utterance":"What {status} {category} reports do we have from {relativeTimes}"},{"utterance":"Pull up {status} {category} traffic issues from {relativeTimes}"},{"utterance":"Show me {status} {category} complaints in beat {beatNums} from {relativeTimes}"},{"utterance":"Give me {status} complaints about {category} for beats {beatNums} from {relativeTimes}"},{"utterance":"Pull up {status} issues regarding {category} in beats {beatNums} from {relativeTimes}"},{"utterance":"Show me complaints on {daysOfWeek} from {relativeTimes}"},{"utterance":"Display reports from {daysOfWeek} in {relativeTimes}"},{"utterance":"What issues do we have on {daysOfWeek} from {relativeTimes}"},{"utterance":"Give me the complaints for {daysOfWeek} in {relativeTimes}"},{"utterance":"Show me complaints in beat {beatNums} on {daysOfWeek} from {relativeTimes}"},{"utterance":"What reports do we have in beat {beatNums} on {daysOfWeek} from {relativeTimes}"},{"utterance":"Pull up issues for beat {beatNums} on {daysOfWeek} in {relativeTimes}"},{"utterance":"Show me {status} complaints on {daysOfWeek} from {relativeTimes}"},{"utterance":"Display {status} issues on {daysOfWeek} in {relativeTimes}"},{"utterance":"What {status} reports do we have on {daysOfWeek} from {relativeTimes}"},{"utterance":"Show me {category} complaints on {daysOfWeek} from {relativeTimes}"},{"utterance":"Give me {category} issues on {daysOfWeek} in {relativeTimes}"},{"utterance":"Pull up {category} reports from {daysOfWeek} in {relativeTimes}"},{"utterance":"Show me {status} complaints in beat {beatNums} on {daysOfWeek} from {relativeTimes}"},{"utterance":"What {status} issues do we have in beat {beatNums} on {daysOfWeek} from {relativeTimes}"},{"utterance":"Pull up {status} reports for beat {beatNums} on {daysOfWeek} in {relativeTimes}"},{"utterance":"Show me {category} complaints in beat {beatNums} on {daysOfWeek} from {relativeTimes}"},{"utterance":"Give me {category} issues in beat {beatNums} on {daysOfWeek} from {relativeTimes}"},{"utterance":"What {category} reports do we have for beat {beatNums} on {daysOfWeek} from {relativeTimes}"},{"utterance":"Show me {status} {category} complaints on {daysOfWeek} from {relativeTimes}"},{"utterance":"Display {status} {category} issues on {daysOfWeek} in {relativeTimes}"},{"utterance":"Pull up {status} {category} reports from {daysOfWeek} in {relativeTimes}"},{"utterance":"Show me {status} {category} complaints in beat {beatNums} on {daysOfWeek} from {relativeTimes}"},{"utterance":"What {status} {category} issues do we have in beat {beatNums} on {daysOfWeek} from {relativeTimes}"},{"utterance":"Give me {status} {category} reports for beat {beatNums} on {daysOfWeek} in {relativeTimes}"}],"intentConfirmationSetting":null,"intentClosingSetting":null,"initialResponseSetting":{"conditional":null,"codeHook":null,"nextStep":{"sessionAttributes":{},"intent":{"name":null,"slots":{}},"dialogAction":{"type":"FulfillIntent","slotToElicit":null,"suppressNextMessage":null}},"initialResponse":null},"inputContexts":null,"outputContexts":null,"kendraConfiguration":null,"qnAIntentConfiguration":null,"bedrockAgentIntentConfiguration":null,"qInConnectIntentConfiguration":null,"dialogCodeHook":null,"fulfillmentCodeHook":{"isActive":true,"postFulfillmentStatusSpecification":{"failureResponse":null,"failureNextStep":{"sessionAttributes":{},"intent":{"name":null,"slots":{}},"dialogAction":{"type":"EndConversation","slotToElicit":null,"suppressNextMessage":null}},"successResponse":null,"successNextStep":{"sessionAttributes":{},"intent":{"name":null,"slots":{}},"dialogAction":{"type":"EndConversation","slotToElicit":null,"suppressNextMessage":null}},"timeoutResponse":null,"timeoutNextStep":{"sessionAttributes":{},"intent":{"name":null,"slots":{}},"dialogAction":{"type":"EndConversation","slotToElicit":null,"suppressNextMessage":null}}},"fulfillmentUpdatesSpecification":null,"enabled":true},"slotPriorities":[{"priority":3,"slotName":"daysOfWeek"},{"priority":1,"slotName":"beatNums"},{"priority":4,"slotName":"relativeTimes"},{"priority":0,"slotName":"category"},{"priority":2,"slotName":"status"}]}