{"name":"relativeTime","identifier":"8UQPVWBDQS","description":"Relative time descriptions","slotTypeValues":[{"synonyms":null,"sampleValue":{"value":"Today"}},{"synonyms":null,"sampleValue":{"value":"Yesterday"}},{"synonyms":null,"sampleValue":{"value":"Last week"}},{"synonyms":null,"sampleValue":{"value":"This week"}},{"synonyms":null,"sampleValue":{"value":"This month"}},{"synonyms":null,"sampleValue":{"value":"Last month"}}],"parentSlotTypeSignature":null,"valueSelectionSetting":{"resolutionStrategy":"ORIGINAL_VALUE","advancedRecognitionSetting":null,"regexFilter":null}}